,State,Cases,Death,Population,New Cases Per Day,New Deaths Per Day,New Cases Per Day Normalized,New Deaths Per Day Normalized,total_votes,won
0,AL,150187978,2830886,4903185,638246.0,11958.0,13016.96754252593,243.88229283618708,47383.56802772076,1.366458740594124
1,FL,621451793,10183480,21477737,2904964.0,37494.0,13525.465927811669,174.57146439589982,51529.898145228246,0.3119509285359067
2,NC,255236214,3435069,10488084,1133335.0,14254.0,10805.92985334595,135.90661554579464,52676.933174829646,0.9534629966731768
3,NY,544999563,19456298,19453561,2192843.0,53684.0,11272.193301781612,275.9597587300341,44277.477013077456,0.31870771628906397
4,SC,153253223,2642837,5148714,669631.0,10244.0,13005.791349063087,198.96230398503394,48814.694310074316,0.8934269800186998
5,VA,173000282,2892108,8535519,728262.0,11980.0,8532.134952777915,140.35467556220073,52258.380539015845,1.5581946452230966
